{"cameraMode":{"drawMode":0,"name":"Shaded","section":"Shading Mode"},"sceneLighting":false,"audioPlay":false,"sceneViewState":{"showFog":true,"showMaterialUpdate":false,"showSkybox":false,"showFlares":true,"showImageEffects":true,"showParticleSystems":true},"in2DMode":false,"pivot":{"x":5.086243152618408,"y":4.0349249839782719,"z":23.457088470458986},"rotation":{"x":0.01001016329973936,"y":0.9885409474372864,"z":-0.07607895880937576,"w":0.13004444539546967},"size":6.012770652770996,"orthographic":false}