{"cameraMode":{"drawMode":0,"name":"Shaded","section":"Shading Mode"},"sceneLighting":false,"audioPlay":false,"sceneViewState":{"showFog":true,"showMaterialUpdate":false,"showSkybox":false,"showFlares":true,"showImageEffects":true,"showParticleSystems":true},"in2DMode":false,"pivot":{"x":-0.000006198883056640625,"y":-0.041559264063835147,"z":-9.5367431640625e-7},"rotation":{"x":-0.00026783792418427765,"y":0.9747233390808106,"z":-0.2234080731868744,"w":-0.0011688314843922854},"size":0.041559264063835147,"orthographic":false}