{"cameraMode":{"drawMode":0,"name":"Shaded","section":"Shading Mode"},"sceneLighting":false,"audioPlay":false,"sceneViewState":{"showFog":true,"showMaterialUpdate":false,"showSkybox":false,"showFlares":true,"showImageEffects":true,"showParticleSystems":true},"in2DMode":false,"pivot":{"x":-0.0019233007915318013,"y":-0.37042033672332766,"z":-2.1076738834381105},"rotation":{"x":-0.00026783792418427765,"y":0.9747233390808106,"z":-0.2234080731868744,"w":-0.0011688314843922854},"size":1.7720379829406739,"orthographic":false}